<?xml version="1.0" encoding="UTF-8"?>
<project-private xmlns="http://www.netbeans.org/ns/project-private/1">
    <editor-bookmarks xmlns="http://www.netbeans.org/ns/editor-bookmarks/2" lastBookmarkId="0"/>
    <open-files xmlns="http://www.netbeans.org/ns/projectui-open-files/2">
        <group>
            <file>file:/E:/Development/Git/IA941/Aula6/DemoJSOAR/rules/planning/elaborations/problem-space.soar</file>
            <file>file:/E:/Development/Git/IA941/Aula6/DemoJSOAR/rules/planning/search-and-hold.soar</file>
            <file>file:/E:/Development/Git/IA941/Aula6/DemoJSOAR/src/SoarBridge/SoarBridge.java</file>
            <file>file:/E:/Development/Git/IA941/Aula6/DemoJSOAR/rules/planning.soar</file>
            <file>file:/E:/Development/Git/IA941/Aula6/DemoJSOAR/rules/planning/planning.dm</file>
            <file>file:/E:/Development/Git/IA941/Aula6/DemoJSOAR/rules/planning/elaborations/apply-command.soar</file>
            <file>file:/E:/Development/Git/IA941/Aula6/DemoJSOAR/rules/planning/planning_source.soar</file>
            <file>file:/E:/Development/Git/IA941/Aula6/DemoJSOAR/rules/planning/preferences.soar</file>
            <file>file:/E:/Development/Git/IA941/Aula6/DemoJSOAR/rules/planning/elaborations/update-distance.soar</file>
            <file>file:/E:/Development/Git/IA941/Aula6/DemoJSOAR/rules/planning/go.soar</file>
            <file>file:/E:/Development/Git/IA941/Aula6/DemoJSOAR/rules/planning/collect.soar</file>
        </group>
    </open-files>
</project-private>
