<?xml version="1.0" encoding="UTF-8"?>
<project-private xmlns="http://www.netbeans.org/ns/project-private/1">
    <editor-bookmarks xmlns="http://www.netbeans.org/ns/editor-bookmarks/2" lastBookmarkId="0"/>
    <open-files xmlns="http://www.netbeans.org/ns/projectui-open-files/2">
        <group>
            <file>file:/E:/Development/Git/IA941/Aula6/DemoJSOAR/rules/planning/elaborations/problem-space.soar</file>
            <file>file:/E:/Development/Git/IA941/Aula6/DemoJSOAR/src/SoarBridge/CommandGet.java</file>
            <file>file:/E:/Development/Git/IA941/Aula6/DemoJSOAR/rules/planning/elaborations/apply-command.soar</file>
            <file>file:/E:/Development/Git/IA941/Aula6/DemoJSOAR/rules/soar-rules.soar</file>
            <file>file:/E:/Development/Git/IA941/Aula6/DemoJSOAR/rules/planning.vsa</file>
            <file>file:/E:/Development/Git/IA941/Aula6/DemoJSOAR/src/SoarBridge/SoarBridge.java</file>
            <file>file:/E:/Development/Git/IA941/Aula6/DemoJSOAR/rules/planning.soar</file>
            <file>file:/E:/Development/Git/IA941/Aula6/DemoJSOAR/rules/planning/evaluate-state.soar</file>
            <file>file:/E:/Development/Git/IA941/Aula6/DemoJSOAR/rules/planning/wander.soar</file>
            <file>file:/E:/Development/Git/IA941/Aula6/DemoJSOAR/rules/planning/planning.dm</file>
            <file>file:/E:/Development/Git/IA941/Aula6/DemoJSOAR/rules/planning/planning_source.soar</file>
            <file>file:/E:/Development/Git/IA941/Aula6/DemoJSOAR/rules/planning/initialize-planning.soar</file>
            <file>file:/E:/Development/Git/IA941/Aula6/DemoJSOAR/rules/planning/see-entity.soar</file>
            <file>file:/E:/Development/Git/IA941/Aula6/DemoJSOAR/rules/planning/jewel.soar</file>
        </group>
    </open-files>
</project-private>
