<?xml version="1.0" encoding="UTF-8"?>
<project-private xmlns="http://www.netbeans.org/ns/project-private/1">
    <editor-bookmarks xmlns="http://www.netbeans.org/ns/editor-bookmarks/2" lastBookmarkId="0"/>
    <open-files xmlns="http://www.netbeans.org/ns/projectui-open-files/2">
        <group>
            <file>file:/D:/Development/Research/Aulas14-15/CST-A2/src/Environment.java</file>
            <file>file:/D:/Development/Research/Aulas14-15/CST-A2/src/pathfinding/Pathfinder.java</file>
            <file>file:/D:/Development/Research/Aulas14-15/CST-A2/src/codelets/perception/BrickDetector.java</file>
            <file>file:/D:/Development/Research/Aulas14-15/CST-A2/src/codelets/behaviors/GoToDestination.java</file>
            <file>file:/D:/Development/Research/Aulas14-15/CST-A2/src/AgentMind.java</file>
            <file>file:/D:/Development/Research/Aulas14-15/CST-A2/src/support/MindView.java</file>
        </group>
    </open-files>
</project-private>
