<?xml version="1.0" encoding="UTF-8"?>
<!DOCTYPE fontscolors PUBLIC "-//NetBeans//DTD Editor Fonts and Colors settings 1.1//EN" "http://www.netbeans.org/dtds/EditorFontsColors-1_1.dtd">
<fontscolors>
    <fontcolor bgColor="fffc9d9f" name="debugger-mixed_BP"/>
    <fontcolor bgColor="ffdcdcd8" name="OtherThreads_DBP"/>
    <fontcolor bgColor="ffb4e4fc" name="stopwatchProfilingPoint"/>
    <fontcolor bgColor="ffbde6aa" name="OtherThread_PC"/>
    <fontcolor bgColor="ffbde6aa" name="debugger-PC_CBP_stroke"/>
    <fontcolor bgColor="ffdcdcd8" name="CurrentPC2_DBP"/>
    <fontcolor name="FieldBreakpoint"/>
    <fontcolor name="ClassBreakpoint_stroke"/>
    <fontcolor name="DisabledMethodBreakpoint"/>
    <fontcolor bgColor="ff2a2815" name="org-netbeans-spi-editor-hints-parser_annotation_warn"/>
    <fontcolor name="org-netbeans-modules-mercurial-Annotation"/>
    <fontcolor bgColor="ffb4e4fc" name="resetResultsProfilingPoint"/>
    <fontcolor bgColor="ff2a2815" name="org-netbeans-spi-editor-hints-parser_annotation_hint"/>
    <fontcolor name="org-netbeans-modules-editor-annotations-has_implementations"/>
    <fontcolor bgColor="ffdcdcd8" name="CondBreakpoint_stroke"/>
    <fontcolor bgColor="fffc9d9f" name="CondBreakpoint"/>
    <fontcolor name="MethodBreakpoint"/>
    <fontcolor bgColor="ffbde6aa" name="OtherThreads_BP_broken"/>
    <fontcolor name="MethodBreakpoint_stroke"/>
    <fontcolor bgColor="fffc9d9f" name="OtherThreads_BP"/>
    <fontcolor bgColor="ffbde6aa" name="debugger-PC_multi_DBPCBP"/>
    <fontcolor bgColor="red" name="PHPError" waveUnderlined="red"/>
    <fontcolor bgColor="ffe9ffe6" name="CurrentExpressionLine_BP" waveUnderlined="cyan"/>
    <fontcolor bgColor="ffdcdcd8" name="takeSnapshotProfilingPointD"/>
    <fontcolor name="DisabledClassBreakpoint"/>
    <fontcolor bgColor="ffbde6aa" name="debugger-PC_multi_BPCBP"/>
    <fontcolor name="org-netbeans-spi-editor-hints-parser_annotation_hint_fixable"/>
    <fontcolor bgColor="ffdcdcd8" name="DisabledBreakpoint_stroke"/>
    <fontcolor bgColor="ffbde6aa" name="debugger-PC_CBP_broken"/>
    <fontcolor bgColor="ffbde6aa" name="debugger-PC_multi_BPCBP_broken"/>
    <fontcolor name="PHPNotice" waveUnderlined="ffc0c000"/>
    <fontcolor bgColor="ffbde6aa" name="CurrentPC2LinePart"/>
    <fontcolor bgColor="ffbde6aa" name="debugger-PC_mixedBP_broken"/>
    <fontcolor bgColor="darkGray" name="editor-bookmark" waveUnderlined="lightGray"/>
    <fontcolor bgColor="ffdcdcd8" name="stopwatchProfilingPointD"/>
    <fontcolor bgColor="ffbde6aa" name="CurrentPC2"/>
    <fontcolor bgColor="ffbde6aa" name="debugger-PC_DBP"/>
    <fontcolor bgColor="ffdcdcd8" name="DisabledCondBreakpoint"/>
    <fontcolor name="OtherThread"/>
    <fontcolor bgColor="ffbde6aa" name="debugger-PC_DCBP"/>
    <fontcolor name="FieldBreakpoint_stroke"/>
    <fontcolor bgColor="ffdcdcd8" name="debugger-multi_DBPCBP"/>
    <fontcolor bgColor="fffc9d9f" name="Breakpoint" waveUnderlined="cyan"/>
    <fontcolor name="org-netbeans-modules-editor-annotations-implements-is-overridden-combined"/>
    <fontcolor bgColor="ffffa0a0" name="org-netbeans-modules-xml-error"/>
    <fontcolor bgColor="ffe7e1ef" name="CallSite"/>
    <fontcolor bgColor="ffbde6aa" name="debugger-PC_BP_broken"/>
    <fontcolor bgColor="ffbde6aa" name="debugger-PC_DBP_stroke"/>
    <fontcolor bgColor="ffbde6aa" name="OtherThreads_PC_BP"/>
    <fontcolor bgColor="ffbde6aa" name="OtherThread_BP_broken"/>
    <fontcolor bgColor="ffdcdcd8" name="Breakpoint_broken" waveUnderlined="orange"/>
    <fontcolor name="DisabledFieldBreakpoint"/>
    <fontcolor bgColor="ffdcdcd8" name="OtherThread_DBP"/>
    <fontcolor name="DisabledFieldBreakpoint_stroke"/>
    <fontcolor name="PinnedWatch"/>
    <fontcolor bgColor="ffb4e4fc" name="loadgenProfilingPoint"/>
    <fontcolor bgColor="ffe9ffe6" name="CurrentExpressionLine_CBP"/>
    <fontcolor bgColor="ffbde6aa" name="debugger-PC_CBP"/>
    <fontcolor bgColor="ffdcdcd8" name="DisabledBreakpoint"/>
    <fontcolor bgColor="ffdcdcd8" name="loadgenProfilingPointD"/>
    <fontcolor foreColor="ffa8c023" name="org-netbeans-spi-editor-hints-parser_annotation_todo_fixable"/>
    <fontcolor name="OtherThreads"/>
    <fontcolor name="org-netbeans-spi-editor-hints-parser_annotation_warn_fixable"/>
    <fontcolor name="org-netbeans-spi-editor-hints-parser_annotation_err_fixable"/>
    <fontcolor name="org-netbeans-modules-versioning-annotate-Annotation"/>
    <fontcolor name="org-netbeans-spi-editor-hints-parser_annotation_verifier"/>
    <fontcolor bgColor="ffdcdcd8" name="debugger-mixed_BP_broken"/>
    <fontcolor name="org-netbeans-modules-subversion-Annotation"/>
    <fontcolor name="org-netbeans-modules-editor-annotations-implements"/>
    <fontcolor name="DisabledMethodBreakpoint_stroke"/>
    <fontcolor bgColor="ffbde6aa" name="CurrentPC" waveUnderlined="green"/>
    <fontcolor name="org-netbeans-modules-editor-annotations-override-is-overridden-combined"/>
    <fontcolor bgColor="fffc9d9f" name="OtherThread_BP"/>
    <fontcolor name="org-netbeans-modules-editor-annotations-is_overridden"/>
    <fontcolor bgColor="fffc9d9f" name="debugger-multi_BPCBP"/>
    <fontcolor bgColor="ffbde6aa" name="debugger-PC_DCBP_stroke"/>
    <fontcolor bgColor="ffdcdcd8" name="resetResultsProfilingPointD"/>
    <fontcolor bgColor="ffe9ffe6" name="CurrentExpressionLine_DCBP"/>
    <fontcolor name="org-netbeans-modules-git-Annotation"/>
    <fontcolor bgColor="ffe9ffe6" name="CurrentExpressionLine_DBP"/>
    <fontcolor name="org-netbeans-modules-editor-annotations-overrides"/>
    <fontcolor bgColor="ffb4e4fc" name="takeSnapshotProfilingPoint"/>
    <fontcolor foreColor="ffa8c023" name="org-netbeans-spi-editor-hints-parser_annotation_todo"/>
    <fontcolor bgColor="ffbde6aa" name="debugger-PC_mixedBP"/>
    <fontcolor name="org-netbeans-spi-editor-hints-parser_annotation_verifier_fixable"/>
    <fontcolor name="org-netbeans-spi-editor-hints-parser_annotation_err"/>
    <fontcolor bgColor="ffdcdcd8" name="CondBreakpoint_broken"/>
    <fontcolor name="org-netbeans-modules-editor-annotations-implements-has-implementations-combined"/>
    <fontcolor bgColor="ffd1ffbc" name="CurrentExpression"/>
    <fontcolor bgColor="fffc9d9f" name="CurrentPC2_BP"/>
    <fontcolor bgColor="ffbde6aa" name="debugger-PC_BP_stroke"/>
    <fontcolor name="PHPWarning" waveUnderlined="ffc0c000"/>
    <fontcolor bgColor="ffdcdcd8" name="debugger-multi_BPCBP_broken"/>
    <fontcolor bgColor="ffdcdcd8" name="DisabledCondBreakpoint_stroke"/>
    <fontcolor bgColor="ffbde6aa" name="debugger-PC_BP" waveUnderlined="cyan"/>
    <fontcolor bgColor="ffdcdcd8" name="Breakpoint_stroke"/>
    <fontcolor name="ClassBreakpoint"/>
    <fontcolor bgColor="ffbde6aa" name="OtherThread_PC_BP"/>
    <fontcolor name="DisabledClassBreakpoint_stroke"/>
    <fontcolor bgColor="ffe9ffe6" name="CurrentExpressionLine"/>
    <fontcolor bgColor="ffbde6aa" name="CurrentPCLinePart"/>
</fontscolors>
