<?xml version="1.0" encoding="UTF-8"?>
<project-private xmlns="http://www.netbeans.org/ns/project-private/1">
    <editor-bookmarks xmlns="http://www.netbeans.org/ns/editor-bookmarks/2" lastBookmarkId="0"/>
    <open-files xmlns="http://www.netbeans.org/ns/projectui-open-files/2">
        <group>
            <file>file:/D:/Development/Research/Aula1/ManualController/src/IA941/ManualController/ControllerUi.java</file>
            <file>file:/D:/Development/Research/Aula1/ManualController/src/IA941/ManualController/RobotController.java</file>
            <file>file:/D:/Development/Research/Aula1/ManualController/src/IA941/ManualController/Aula1.java</file>
        </group>
    </open-files>
</project-private>
