<?xml version="1.0" encoding="UTF-8"?>
<project-private xmlns="http://www.netbeans.org/ns/project-private/1">
    <editor-bookmarks xmlns="http://www.netbeans.org/ns/editor-bookmarks/2" lastBookmarkId="0"/>
    <open-files xmlns="http://www.netbeans.org/ns/projectui-open-files/2">
        <group>
            <file>file:/D:/Development/Research/Aula13/DemoLIDA/configs/factoryData.xml</file>
            <file>file:/D:/Development/Research/Aula13/DemoLIDA/src/detectors/FoodDetector.java</file>
            <file>file:/D:/Development/Research/Aula13/DemoLIDA/configs/guiPanels.properties</file>
            <file>file:/D:/Development/Research/Aula13/DemoLIDA/configs/lidaConfig.properties</file>
            <file>file:/D:/Development/Research/Aula13/DemoLIDA/src/detectors/BrickDetector.java</file>
            <file>file:/D:/Development/Research/Aula13/DemoLIDA/src/detectors/JewelDetector.java</file>
            <file>file:/D:/Development/Research/Aula13/DemoLIDA/src/modules/SensoryMemory.java</file>
            <file>file:/D:/Development/Research/Aula13/DemoLIDA/src/detectors/LeafletJewelDetector.java</file>
            <file>file:/D:/Development/Research/Aula13/DemoLIDA/src/modules/Environment.java</file>
            <file>file:/D:/Development/Research/Aula13/DemoLIDA/configs/Agent.xml</file>
            <file>file:/D:/Development/Research/Aula13/DemoLIDA/manifest.mf</file>
            <file>file:/D:/Development/Research/Aula13/DemoLIDA/src/detectors/ThingAheadDetector.java</file>
            <file>file:/D:/Development/Research/Aula13/DemoLIDA/configs/logging.properties</file>
        </group>
    </open-files>
</project-private>
