<?xml version="1.0" encoding="UTF-8"?>
<project-private xmlns="http://www.netbeans.org/ns/project-private/1">
    <editor-bookmarks xmlns="http://www.netbeans.org/ns/editor-bookmarks/2" lastBookmarkId="0"/>
    <open-files xmlns="http://www.netbeans.org/ns/projectui-open-files/2">
        <group>
            <file>file:/home/fabiogr/IA941/Aula13/DemoLIDA/build.xml</file>
            <file>file:/home/fabiogr/IA941/Aula13/DemoLIDA/nbproject/project.properties</file>
            <file>file:/home/fabiogr/IA941/Aula13/DemoLIDA/manifest.mf</file>
            <file>file:/home/fabiogr/IA941/Aula13/DemoLIDA/src/modules/Environment.java</file>
            <file>file:/home/fabiogr/IA941/Aula13/DemoLIDA/nbproject/build-impl.xml</file>
            <file>file:/home/fabiogr/IA941/Aula13/DemoLIDA/src/detectors/BrickDetector.java</file>
        </group>
    </open-files>
</project-private>
