<?xml version="1.0" encoding="UTF-8"?>
<!DOCTYPE fontscolors PUBLIC "-//NetBeans//DTD Editor Fonts and Colors settings 1.1//EN" "http://www.netbeans.org/dtds/EditorFontsColors-1_1.dtd">
<fontscolors>
    <fontcolor foreColor="ffa8c023" name="org-netbeans-spi-editor-hints-parser_annotation_todo"/>
    <fontcolor bgColor="ffbde6aa" name="debugger-PC_BP" waveUnderlined="cyan"/>
    <fontcolor bgColor="fffc9d9f" name="Breakpoint" waveUnderlined="cyan"/>
    <fontcolor name="PHPError" waveUnderlined="red"/>
    <fontcolor name="PinnedWatch"/>
    <fontcolor bgColor="ffe9ffe6" name="CurrentExpressionLine_BP" waveUnderlined="cyan"/>
    <fontcolor name="PHPNotice" waveUnderlined="ffc0c000"/>
    <fontcolor bgColor="ffdcdcd8" name="Breakpoint_broken" waveUnderlined="orange"/>
    <fontcolor bgColor="ffbde6aa" name="CurrentPC" waveUnderlined="green"/>
    <fontcolor name="PHPWarning" waveUnderlined="ffc0c000"/>
    <fontcolor bgColor="darkGray" name="editor-bookmark" waveUnderlined="lightGray"/>
    <fontcolor foreColor="ffa8c023" name="org-netbeans-spi-editor-hints-parser_annotation_todo_fixable"/>
</fontscolors>
