<?xml version="1.0" encoding="UTF-8"?>
<project-private xmlns="http://www.netbeans.org/ns/project-private/1">
    <editor-bookmarks xmlns="http://www.netbeans.org/ns/editor-bookmarks/2" lastBookmarkId="0"/>
    <open-files xmlns="http://www.netbeans.org/ns/projectui-open-files/2">
        <group>
            <file>file:/D:/Development/Research/Aulas14-15/WS3DApp/src/codelets/perception/ClosestAppleDetector.java</file>
            <file>file:/D:/Development/Research/Aulas14-15/WS3DApp/src/support/MindView.java</file>
            <file>file:/D:/Development/Research/Aulas14-15/WS3DApp/src/codelets/behaviors/EatClosestApple.java</file>
            <file>file:/D:/Development/Research/Aulas14-15/WS3DApp/src/codelets/behaviors/GoToClosestApple.java</file>
            <file>file:/D:/Development/Research/Aulas14-15/WS3DApp/src/codelets/behaviors/Forage.java</file>
            <file>file:/D:/Development/Research/Aulas14-15/WS3DApp/src/Environment.java</file>
            <file>file:/D:/Development/Research/Aulas14-15/WS3DApp/src/AgentMind.java</file>
            <file>file:/D:/Development/Research/Aulas14-15/WS3DApp/src/codelets/perception/ClosestJewelDetector.java</file>
            <file>file:/D:/Development/Research/Aulas14-15/WS3DApp/src/codelets/perception/JewelDetector.java</file>
            <file>file:/D:/Development/Research/Aulas14-15/WS3DApp/src/codelets/sensors/Vision.java</file>
            <file>file:/D:/Development/Research/Aulas14-15/WS3DApp/src/codelets/sensors/InnerSense.java</file>
            <file>file:/D:/Development/Research/Aulas14-15/WS3DApp/src/ExperimentMain.java</file>
            <file>file:/D:/Development/Research/Aulas14-15/WS3DApp/src/codelets/perception/AppleDetector.java</file>
            <file>file:/D:/Development/Research/Aulas14-15/WS3DApp/src/memory/CreatureInnerSense.java</file>
        </group>
    </open-files>
</project-private>
