<?xml version="1.0" encoding="UTF-8"?>
<project-private xmlns="http://www.netbeans.org/ns/project-private/1">
    <editor-bookmarks xmlns="http://www.netbeans.org/ns/editor-bookmarks/2" lastBookmarkId="0"/>
    <open-files xmlns="http://www.netbeans.org/ns/projectui-open-files/2">
        <group>
            <file>file:/D:/Development/Research/Aulas14-15/WS3DApp/src/support/MindView.java</file>
            <file>file:/D:/Development/Research/Aulas14-15/WS3DApp/src/codelets/behaviors/PickupClosestJewel.java</file>
            <file>file:/D:/Development/Research/Aulas14-15/WS3DApp/src/codelets/behaviors/RemoveObstacle.java</file>
            <file>file:/D:/Development/Research/Aulas14-15/WS3DApp/src/codelets/motor/LegsActionCodelet.java</file>
            <file>file:/D:/Development/Research/Aulas14-15/WS3DApp/src/codelets/perception/ClosestFoodDetector.java</file>
            <file>file:/D:/Development/Research/Aulas14-15/WS3DApp/src/Environment.java</file>
            <file>file:/D:/Development/Research/Aulas14-15/WS3DApp/src/AgentMind.java</file>
            <file>file:/D:/Development/Research/Aulas14-15/WS3DApp/src/codelets/behaviors/GoToClosestFood.java</file>
            <file>file:/D:/Development/Research/Aulas14-15/WS3DApp/src/codelets/motor/HandsActionCodelet.java</file>
            <file>file:/D:/Development/Research/Aulas14-15/WS3DApp/src/codelets/perception/ClosestJewelDetector.java</file>
            <file>file:/D:/Development/Research/Aulas14-15/WS3DApp/src/codelets/perception/JewelDetector.java</file>
            <file>file:/D:/Development/Research/Aulas14-15/WS3DApp/src/codelets/behaviors/Wander.java</file>
            <file>file:/D:/Development/Research/Aulas14-15/WS3DApp/src/codelets/behaviors/GoToClosestJewel.java</file>
            <file>file:/D:/Development/Research/Aulas14-15/WS3DApp/src/codelets/behaviors/EatClosestFood.java</file>
            <file>file:/D:/Development/Research/Aulas14-15/WS3DApp/src/codelets/perception/FoodDetector.java</file>
            <file>file:/D:/Development/Research/Aulas14-15/WS3DApp/src/codelets/perception/ClosestObstacleDetector.java</file>
        </group>
    </open-files>
</project-private>
