<?xml version="1.0" encoding="UTF-8"?>
<!DOCTYPE fontscolors PUBLIC "-//NetBeans//DTD Editor Fonts and Colors settings 1.1//EN" "http://www.netbeans.org/dtds/EditorFontsColors-1_1.dtd">
<fontscolors>
    <fontcolor bgColor="gray" name="nbeditor-bracesMatching-match" underline="white"/>
    <fontcolor foreColor="darkGray" name="text-limit-line-color"/>
    <fontcolor foreColor="ffcc0099" name="synchronized-text-blocks-ext"/>
    <fontcolor foreColor="pink" name="code-folding"/>
    <fontcolor bgColor="gray" name="nbeditor-bracesMatching-mismatch"/>
    <fontcolor bgColor="darkGray" name="highlight-caret-row"/>
    <fontcolor bgColor="white" foreColor="white" name="caret-color-overwrite-mode"/>
    <fontcolor name="status-bar"/>
    <fontcolor bgColor="darkGray" name="guarded"/>
    <fontcolor name="trailing-whitespace"/>
    <fontcolor bgColor="gray" name="nbeditor-bracesMatching-mismatch-multichar"/>
    <fontcolor foreColor="ffcccccc" name="code-folding-border"/>
    <fontcolor name="west-sidebars-color"/>
    <fontcolor foreColor="red" name="status-bar-bold"/>
    <fontcolor foreColor="gray" name="nbeditor-bracesMatching-sidebar"/>
    <fontcolor bgColor="darkGray" name="readonly-files"/>
    <fontcolor foreColor="gray" name="line-number"/>
    <fontcolor bgColor="lightGray" foreColor="black" name="highlight-search" underline="red"/>
    <fontcolor foreColor="gray" name="code-folding-bar"/>
    <fontcolor foreColor="ff996600" name="synchronized-text-blocks-ext-slave"/>
    <fontcolor foreColor="ffd3d3d3" name="indent-guide-lines"/>
    <fontcolor name="indent-whitespace"/>
    <fontcolor bgColor="ffe0e8f1" name="block-search"/>
    <fontcolor bgColor="ff49483e" name="selection"/>
    <fontcolor bgColor="ffff9900" name="inc-search"/>
    <fontcolor bgColor="gray" name="nbeditor-bracesMatching-match-multichar"/>
    <fontcolor bgColor="white" foreColor="lightGray" name="caret-color-insert-mode"/>
    <fontcolor bgColor="gray" foreColor="blue" name="hyperlinks" underline="black"/>
</fontscolors>
